course_pace,lecture_pace,engagement,resources,learn_best,lecture_suggestion,how_easy
A little too fast,About right,,,,,
About right,A little too fast,Moderate,"In-class: lecture,In-class: application exercises,In-lab,Doing assignments individually,Doing assignments as a team or with other students,Office hours,Online forum: Ed Discussion,AI feedback tool","In-lab,Doing assignments individually,Doing assignments as a team or with other students","More your turn breaks on application exercises (students working on exercises\, TAs walking around and helping)",Somewhat more difficult than other courses
A little too fast,About right,High,"In-class: application exercises,In-lab,Office hours,Online forum: Ed Discussion",In-lab,"More live coding on application exercises (instructor coding\, students following along in real-time)",Somewhat more difficult than other courses
About right,A little too fast,Very high,"In-class: lecture,In-class: application exercises,In-lab,Prepare materials: videos,Prepare materials: readings,Doing assignments individually,Office hours,Online forum: Ed Discussion,AI feedback tool","In-class: lecture,In-class: application exercises,Doing assignments individually,Office hours","No change\, keep it as is",Somewhat more difficult than other courses
About right,A little too slow,Moderate,"In-class: lecture,In-lab,Doing assignments individually,Doing assignments as a team or with other students,AI feedback tool","Doing assignments individually,Doing assignments as a team or with other students,AI feedback tool","No change\, keep it as is",Same easiness/difficulty level as other courses
About right,A little too fast,Moderate,"In-class: application exercises,Doing assignments individually",In-class: application exercises,"More live coding on application exercises (instructor coding\, students following along in real-time)",Somewhat more difficult than other courses
About right,About right,Moderate,"In-class: lecture,In-class: application exercises,In-lab,Prepare materials: videos,Prepare materials: readings,Doing assignments individually,Doing assignments as a team or with other students,AI feedback tool,Other","In-class: lecture,In-class: application exercises,In-lab,Doing assignments individually,Doing assignments as a team or with other students,AI feedback tool","More live coding on application exercises (instructor coding\, students following along in real-time),More your turn breaks on application exercises (students working on exercises\, TAs walking around and helping)",Same easiness/difficulty level as other courses
About right,About right,Very high,"In-class: lecture,In-lab",In-class: lecture,"No change\, keep it as is",Much easier than other courses
A little too fast,A little too fast,Moderate,"In-class: lecture,In-class: application exercises,In-lab,Prepare materials: videos,Doing assignments individually,AI feedback tool","In-lab,Prepare materials: videos,Prepare materials: readings","More lecture,More live coding on application exercises (instructor coding\, students following along in real-time),More your turn breaks on application exercises (students working on exercises\, TAs walking around and helping)",Somewhat more difficult than other courses
About right,About right,High,"In-class: lecture,In-class: application exercises,In-lab,Prepare materials: readings,Doing assignments as a team or with other students,Online forum: Ed Discussion","In-class: lecture,Prepare materials: readings,Doing assignments as a team or with other students,Online forum: Ed Discussion","More your turn breaks on application exercises (students working on exercises\, TAs walking around and helping)",Same easiness/difficulty level as other courses
About right,A little too fast,High,"Doing assignments individually,Doing assignments as a team or with other students,AI feedback tool","In-class: lecture,In-class: application exercises,Doing assignments as a team or with other students,AI feedback tool","More live coding on application exercises (instructor coding\, students following along in real-time),More your turn breaks on application exercises (students working on exercises\, TAs walking around and helping)",Somewhat more difficult than other courses
About right,About right,High,"In-class: lecture,In-class: application exercises,In-lab,Prepare materials: videos,Doing assignments individually,Online forum: Ed Discussion","In-class: lecture,In-class: application exercises,In-lab,Prepare materials: videos,Doing assignments individually","More your turn breaks on application exercises (students working on exercises\, TAs walking around and helping)",Somewhat easier than other courses
About right,About right,High,"In-class: lecture,In-class: application exercises,In-lab,Doing assignments individually,Office hours","In-class: lecture,Doing assignments individually,Office hours",More lecture,Same easiness/difficulty level as other courses
About right,A little too slow,Moderate,"In-class: lecture,In-class: application exercises,In-lab,Doing assignments individually,Online forum: Ed Discussion,AI feedback tool","In-class: lecture,In-class: application exercises,In-lab,Doing assignments individually,Online forum: Ed Discussion","More live coding on application exercises (instructor coding\, students following along in real-time)",Same easiness/difficulty level as other courses
About right,A little too slow,High,"In-class: lecture,In-class: application exercises,In-lab,Doing assignments individually,Online forum: Ed Discussion,AI feedback tool","In-class: lecture,In-class: application exercises,In-lab,Doing assignments individually","No change\, keep it as is",Same easiness/difficulty level as other courses
A little too slow,A little too slow,Moderate,"In-class: lecture,In-class: application exercises,In-lab,Doing assignments individually,Doing assignments as a team or with other students","In-class: lecture,In-class: application exercises,In-lab,Doing assignments individually,Doing assignments as a team or with other students","More live coding on application exercises (instructor coding\, students following along in real-time),More your turn breaks on application exercises (students working on exercises\, TAs walking around and helping)",Somewhat easier than other courses
A little too fast,About right,Moderate,"In-class: lecture,In-class: application exercises,In-lab,Doing assignments individually,AI feedback tool",Doing assignments individually,"No change\, keep it as is",Somewhat more difficult than other courses
A little too fast,About right,High,"In-class: lecture,In-class: application exercises,In-lab,Prepare materials: videos,Prepare materials: readings,Doing assignments individually,Doing assignments as a team or with other students,Online forum: Ed Discussion,AI feedback tool","In-class: lecture,In-class: application exercises,In-lab,Prepare materials: videos,Prepare materials: readings,Doing assignments individually","No change\, keep it as is",Same easiness/difficulty level as other courses
A little too fast,About right,High,"In-class: lecture,In-lab,Doing assignments individually,Doing assignments as a team or with other students,Online forum: Ed Discussion,Other","In-class: lecture,In-lab,Doing assignments as a team or with other students,Online forum: Ed Discussion","No change\, keep it as is",
A little too fast,About right,Moderate,"In-class: lecture,In-class: application exercises,In-lab,Doing assignments individually,Doing assignments as a team or with other students,Online forum: Ed Discussion,AI feedback tool","In-class: lecture,In-class: application exercises,In-lab,Doing assignments individually,Doing assignments as a team or with other students","More live coding on application exercises (instructor coding\, students following along in real-time)",Same easiness/difficulty level as other courses
About right,About right,Low,"In-class: lecture,In-class: application exercises,In-lab,Doing assignments individually,Online forum: Ed Discussion,AI feedback tool","In-lab,Doing assignments individually,AI feedback tool","More your turn breaks on application exercises (students working on exercises\, TAs walking around and helping)",Somewhat more difficult than other courses
About right,About right,Moderate,"In-class: lecture,In-lab,Prepare materials: readings,Doing assignments individually,Doing assignments as a team or with other students,Online forum: Ed Discussion","In-class: lecture,In-class: application exercises,In-lab,Prepare materials: readings,Doing assignments as a team or with other students,Online forum: Ed Discussion","More live coding on application exercises (instructor coding\, students following along in real-time),No change\, keep it as is",Same easiness/difficulty level as other courses
About right,A little too fast,High,"In-class: lecture,In-class: application exercises,In-lab,Prepare materials: videos,Doing assignments individually,Doing assignments as a team or with other students,Online forum: Ed Discussion,AI feedback tool","In-class: application exercises,In-lab,Doing assignments individually,AI feedback tool","More live coding on application exercises (instructor coding\, students following along in real-time)",Somewhat more difficult than other courses
About right,About right,Moderate,"In-class: lecture,In-class: application exercises,In-lab,Doing assignments individually,Online forum: Ed Discussion,AI feedback tool","Doing assignments individually,Online forum: Ed Discussion","No change\, keep it as is",Same easiness/difficulty level as other courses
About right,About right,Low,"In-lab,Doing assignments individually,AI feedback tool","In-lab,Doing assignments individually,AI feedback tool",More lecture,Somewhat easier than other courses
About right,About right,High,"In-class: lecture,In-class: application exercises,In-lab,Doing assignments individually,Other","In-class: lecture,In-class: application exercises,In-lab","More your turn breaks on application exercises (students working on exercises\, TAs walking around and helping)",Somewhat easier than other courses
About right,About right,Moderate,"In-class: lecture,In-class: application exercises,In-lab,Prepare materials: videos,Doing assignments individually,Other","In-class: application exercises,In-lab,Doing assignments individually,Other","More live coding on application exercises (instructor coding\, students following along in real-time)",Same easiness/difficulty level as other courses
About right,About right,Moderate,"In-lab,Doing assignments individually,AI feedback tool","In-lab,Doing assignments individually,Doing assignments as a team or with other students","No change\, keep it as is",Same easiness/difficulty level as other courses
A little too fast,A little too fast,Moderate,"In-class: lecture,In-class: application exercises,In-lab,Prepare materials: videos,Prepare materials: readings,Doing assignments individually,Doing assignments as a team or with other students,Office hours,Online forum: Ed Discussion,AI feedback tool","In-class: lecture,In-lab,Prepare materials: readings,Online forum: Ed Discussion,AI feedback tool","No change\, keep it as is",Somewhat more difficult than other courses
A little too fast,A little too fast,High,"In-class: lecture,In-class: application exercises,In-lab,Prepare materials: readings,Doing assignments individually,Doing assignments as a team or with other students",Doing assignments individually,More lecture,Much more difficult than other courses
About right,About right,Moderate,"In-class: lecture,In-class: application exercises,In-lab,Doing assignments individually,Doing assignments as a team or with other students,AI feedback tool,Other","In-class: lecture,In-class: application exercises,In-lab","More live coding on application exercises (instructor coding\, students following along in real-time)",Same easiness/difficulty level as other courses
About right,About right,High,"In-class: lecture,In-class: application exercises,In-lab,Doing assignments individually,Doing assignments as a team or with other students","In-class: lecture,In-class: application exercises,Doing assignments as a team or with other students","More lecture,More live coding on application exercises (instructor coding\, students following along in real-time)",Same easiness/difficulty level as other courses
About right,About right,Moderate,"In-class: lecture,In-class: application exercises,In-lab,Prepare materials: videos,Prepare materials: readings,Doing assignments as a team or with other students,Online forum: Ed Discussion,AI feedback tool","In-class: lecture,In-class: application exercises,In-lab","More live coding on application exercises (instructor coding\, students following along in real-time)",Same easiness/difficulty level as other courses
About right,About right,Moderate,"In-class: lecture,In-class: application exercises,In-lab,Doing assignments individually,Doing assignments as a team or with other students,Online forum: Ed Discussion,AI feedback tool","In-lab,Doing assignments as a team or with other students,Online forum: Ed Discussion","No change\, keep it as is",Somewhat more difficult than other courses
About right,About right,Moderate,"In-class: lecture,In-class: application exercises,In-lab,Prepare materials: videos,Prepare materials: readings,Doing assignments individually,Doing assignments as a team or with other students,Online forum: Ed Discussion,AI feedback tool","In-class: application exercises,In-lab,Doing assignments individually,Doing assignments as a team or with other students","More live coding on application exercises (instructor coding\, students following along in real-time),More your turn breaks on application exercises (students working on exercises\, TAs walking around and helping)",Same easiness/difficulty level as other courses
A little too fast,A little too fast,Moderate,"In-class: lecture,In-class: application exercises,In-lab,Prepare materials: videos,Prepare materials: readings,Doing assignments individually,Doing assignments as a team or with other students,Online forum: Ed Discussion,AI feedback tool,Other","In-class: lecture,In-lab,Doing assignments individually,Doing assignments as a team or with other students,Online forum: Ed Discussion,AI feedback tool,Other","No change\, keep it as is",Much more difficult than other courses
About right,About right,Moderate,"Prepare materials: videos,Prepare materials: readings","Prepare materials: videos,Prepare materials: readings,Doing assignments as a team or with other students,Online forum: Ed Discussion","No change\, keep it as is",Same easiness/difficulty level as other courses
About right,A little too slow,Moderate,"In-class: lecture,In-class: application exercises,In-lab,Doing assignments as a team or with other students","In-class: lecture,In-class: application exercises,Doing assignments as a team or with other students","No change\, keep it as is",Same easiness/difficulty level as other courses
A little too fast,A little too fast,Moderate,"In-class: lecture,In-class: application exercises,In-lab,Office hours,Online forum: Ed Discussion","In-class: lecture,In-class: application exercises,In-lab",More lecture,Much more difficult than other courses
About right,About right,High,"In-class: lecture,In-class: application exercises,In-lab,Doing assignments individually,AI feedback tool","In-class: lecture,In-class: application exercises,In-lab,Prepare materials: videos,Prepare materials: readings,Doing assignments individually,AI feedback tool","No change\, keep it as is",Somewhat easier than other courses
A little too fast,A little too fast,High,"In-class: lecture,In-class: application exercises,In-lab,Doing assignments individually,Doing assignments as a team or with other students,Online forum: Ed Discussion","In-lab,Doing assignments as a team or with other students,Online forum: Ed Discussion","More live coding on application exercises (instructor coding\, students following along in real-time)",Somewhat more difficult than other courses
About right,About right,Moderate,"In-class: lecture,In-class: application exercises,In-lab,Prepare materials: videos,Doing assignments individually,Online forum: Ed Discussion","In-class: lecture,In-class: application exercises,In-lab,Prepare materials: videos,Doing assignments individually","More live coding on application exercises (instructor coding\, students following along in real-time)",Same easiness/difficulty level as other courses
About right,About right,High,"In-class: lecture,In-class: application exercises,In-lab,Doing assignments individually","In-class: lecture,In-class: application exercises,In-lab,Doing assignments individually","More your turn breaks on application exercises (students working on exercises\, TAs walking around and helping)",Somewhat more difficult than other courses
A little too fast,A little too fast,Moderate,"In-class: lecture,In-class: application exercises,In-lab,Prepare materials: videos,Doing assignments individually,Doing assignments as a team or with other students,Online forum: Ed Discussion,AI feedback tool","In-class: application exercises,In-lab,Prepare materials: videos,Prepare materials: readings","More live coding on application exercises (instructor coding\, students following along in real-time)",Somewhat more difficult than other courses
About right,About right,Moderate,"In-class: lecture,In-class: application exercises,In-lab,Doing assignments individually","In-class: lecture,In-lab","No change\, keep it as is",Same easiness/difficulty level as other courses
About right,About right,High,"In-class: lecture,In-class: application exercises,In-lab,Doing assignments individually","In-class: lecture,In-class: application exercises,In-lab,Doing assignments individually","No change\, keep it as is",Somewhat easier than other courses
About right,About right,Moderate,"In-class: lecture,In-class: application exercises,In-lab,Prepare materials: videos,Prepare materials: readings,Doing assignments individually,Online forum: Ed Discussion,AI feedback tool","In-class: lecture,In-class: application exercises,In-lab,Online forum: Ed Discussion","More live coding on application exercises (instructor coding\, students following along in real-time)",Same easiness/difficulty level as other courses
About right,About right,High,"In-class: lecture,In-class: application exercises,In-lab,Doing assignments individually,Doing assignments as a team or with other students","In-class: application exercises,In-lab,Doing assignments individually,Doing assignments as a team or with other students","More live coding on application exercises (instructor coding\, students following along in real-time),More your turn breaks on application exercises (students working on exercises\, TAs walking around and helping)",Same easiness/difficulty level as other courses
About right,About right,Moderate,"In-class: lecture,In-class: application exercises,In-lab,Doing assignments individually,Online forum: Ed Discussion,AI feedback tool","In-lab,Doing assignments individually,Online forum: Ed Discussion","No change\, keep it as is",Same easiness/difficulty level as other courses
A little too slow,A little too slow,High,"In-class: lecture,In-class: application exercises,In-lab,Prepare materials: videos,Doing assignments individually,Office hours,Online forum: Ed Discussion,AI feedback tool","In-class: lecture,In-lab,Prepare materials: videos,AI feedback tool",More lecture,Somewhat easier than other courses
A little too fast,A little too fast,Low,"In-class: lecture,In-class: application exercises,In-lab,Doing assignments as a team or with other students","In-class: application exercises,In-lab,Prepare materials: readings,Doing assignments individually","More live coding on application exercises (instructor coding\, students following along in real-time)",Much more difficult than other courses
About right,About right,Moderate,"In-class: lecture,In-class: application exercises,In-lab,Doing assignments individually,Office hours","In-class: lecture,In-class: application exercises,In-lab,Doing assignments individually,Office hours","More live coding on application exercises (instructor coding\, students following along in real-time)",Somewhat more difficult than other courses
About right,About right,Moderate,"In-class: lecture,In-class: application exercises,In-lab,Prepare materials: videos,Doing assignments individually","In-lab,Prepare materials: videos","No change\, keep it as is",Somewhat easier than other courses
About right,About right,Moderate,"In-class: lecture,In-class: application exercises,In-lab,Prepare materials: readings,Doing assignments individually,AI feedback tool","In-lab,Prepare materials: readings,Doing assignments individually","More live coding on application exercises (instructor coding\, students following along in real-time)",Somewhat more difficult than other courses
A little too slow,About right,Moderate,"In-class: lecture,In-class: application exercises,In-lab,Prepare materials: videos,Prepare materials: readings,Doing assignments individually,Doing assignments as a team or with other students,AI feedback tool","In-class: lecture,In-class: application exercises,Prepare materials: videos,Doing assignments individually,AI feedback tool","More live coding on application exercises (instructor coding\, students following along in real-time)",Somewhat easier than other courses
About right,About right,High,"In-class: lecture,In-class: application exercises,In-lab,Prepare materials: videos,Prepare materials: readings,Doing assignments individually","In-class: lecture,In-class: application exercises,Doing assignments individually","More live coding on application exercises (instructor coding\, students following along in real-time)",Same easiness/difficulty level as other courses
About right,About right,Low,"In-class: lecture,In-class: application exercises,In-lab,Doing assignments individually,Doing assignments as a team or with other students,Online forum: Ed Discussion,AI feedback tool","In-class: lecture,In-class: application exercises,Doing assignments individually,AI feedback tool","More live coding on application exercises (instructor coding\, students following along in real-time)",Same easiness/difficulty level as other courses
A little too fast,A little too fast,Moderate,"In-class: lecture,Doing assignments individually,Office hours,AI feedback tool","Doing assignments individually,Doing assignments as a team or with other students,Office hours,AI feedback tool","More your turn breaks on application exercises (students working on exercises\, TAs walking around and helping)",Somewhat more difficult than other courses
About right,About right,Moderate,"In-class: lecture,In-class: application exercises,Office hours,Online forum: Ed Discussion,AI feedback tool","In-class: lecture,In-class: application exercises,Office hours,Online forum: Ed Discussion","More your turn breaks on application exercises (students working on exercises\, TAs walking around and helping)",Somewhat more difficult than other courses
About right,About right,Very high,"In-class: lecture,In-class: application exercises,In-lab,Prepare materials: videos,Doing assignments individually","In-class: lecture,In-class: application exercises,In-lab","More live coding on application exercises (instructor coding\, students following along in real-time)",Same easiness/difficulty level as other courses
About right,A little too slow,Moderate,"In-class: application exercises,In-lab,Doing assignments individually,Doing assignments as a team or with other students,AI feedback tool","In-class: application exercises,In-lab,Doing assignments individually","More live coding on application exercises (instructor coding\, students following along in real-time),More your turn breaks on application exercises (students working on exercises\, TAs walking around and helping)",Somewhat easier than other courses
About right,About right,Moderate,"In-class: lecture,In-class: application exercises,In-lab,Prepare materials: videos,Prepare materials: readings,Doing assignments individually,Office hours,AI feedback tool","In-class: lecture,In-lab,Prepare materials: videos,Doing assignments individually,Office hours","No change\, keep it as is",Somewhat more difficult than other courses
About right,About right,Moderate,"In-class: application exercises,Doing assignments individually,Doing assignments as a team or with other students","Doing assignments individually,Doing assignments as a team or with other students","More live coding on application exercises (instructor coding\, students following along in real-time)",Same easiness/difficulty level as other courses
A little too fast,About right,Moderate,"In-class: lecture,In-class: application exercises,In-lab,Prepare materials: videos,Prepare materials: readings,Doing assignments individually","In-class: lecture,In-class: application exercises,In-lab,Prepare materials: videos","More live coding on application exercises (instructor coding\, students following along in real-time)",Somewhat more difficult than other courses
About right,About right,High,"Doing assignments individually,Doing assignments as a team or with other students,Online forum: Ed Discussion,AI feedback tool","In-class: lecture,Prepare materials: videos,Online forum: Ed Discussion","No change\, keep it as is",Same easiness/difficulty level as other courses
A little too slow,A little too slow,Moderate,"In-class: lecture,In-class: application exercises,In-lab,Doing assignments individually",,,
About right,About right,Moderate,"In-class: lecture,In-class: application exercises,In-lab,Doing assignments individually,Doing assignments as a team or with other students,AI feedback tool","In-class: application exercises,In-lab,AI feedback tool","No change\, keep it as is",Same easiness/difficulty level as other courses
About right,A little too slow,Very low,"In-lab,Doing assignments as a team or with other students,Online forum: Ed Discussion,Other","In-lab,Doing assignments individually,Doing assignments as a team or with other students,Other",More lecture,Same easiness/difficulty level as other courses
About right,About right,High,"In-class: lecture,In-class: application exercises,In-lab,Doing assignments individually,Online forum: Ed Discussion","In-lab,Doing assignments individually,Online forum: Ed Discussion","No change\, keep it as is",Somewhat easier than other courses
About right,About right,High,"In-class: lecture,In-class: application exercises,In-lab,Prepare materials: videos,Prepare materials: readings,Doing assignments individually,Doing assignments as a team or with other students,Office hours,AI feedback tool","In-class: lecture,In-class: application exercises,In-lab,Prepare materials: videos,Doing assignments as a team or with other students","More live coding on application exercises (instructor coding\, students following along in real-time),No change\, keep it as is",Same easiness/difficulty level as other courses
About right,About right,High,"In-class: lecture,In-class: application exercises,In-lab,Doing assignments individually,Doing assignments as a team or with other students","In-class: lecture,In-class: application exercises,Prepare materials: videos,Doing assignments as a team or with other students","No change\, keep it as is",Somewhat easier than other courses
About right,About right,High,"In-class: lecture,In-class: application exercises,In-lab,Doing assignments individually,Doing assignments as a team or with other students,AI feedback tool","In-class: lecture,In-class: application exercises,In-lab,Doing assignments individually,Doing assignments as a team or with other students,AI feedback tool","No change\, keep it as is",Much easier than other courses
About right,About right,Moderate,"In-class: lecture,In-class: application exercises,In-lab,Prepare materials: videos,Prepare materials: readings,Doing assignments individually,Online forum: Ed Discussion,AI feedback tool","In-class: lecture,In-class: application exercises,In-lab,Prepare materials: videos,Prepare materials: readings,Doing assignments individually,Online forum: Ed Discussion,AI feedback tool","More live coding on application exercises (instructor coding\, students following along in real-time)",Same easiness/difficulty level as other courses
About right,A little too slow,High,"In-class: lecture,In-class: application exercises,In-lab,Doing assignments individually",Doing assignments individually,"More live coding on application exercises (instructor coding\, students following along in real-time)",Somewhat easier than other courses
About right,About right,Moderate,"In-class: lecture,In-class: application exercises,In-lab,Doing assignments individually,Online forum: Ed Discussion,AI feedback tool",,"More live coding on application exercises (instructor coding\, students following along in real-time)",
About right,About right,Moderate,"In-class: lecture,In-class: application exercises,In-lab,Doing assignments individually,Doing assignments as a team or with other students","In-class: application exercises,In-lab,Doing assignments as a team or with other students","No change\, keep it as is",Somewhat easier than other courses
About right,A little too fast,Moderate,"In-class: lecture,In-class: application exercises,In-lab,Doing assignments individually,Doing assignments as a team or with other students,Online forum: Ed Discussion,AI feedback tool","In-class: lecture,In-class: application exercises,In-lab,AI feedback tool","More live coding on application exercises (instructor coding\, students following along in real-time)",Same easiness/difficulty level as other courses
About right,A little too fast,Very low,"In-class: lecture,In-class: application exercises,In-lab,Doing assignments individually,Doing assignments as a team or with other students","In-lab,Doing assignments individually,Doing assignments as a team or with other students",More lecture,Somewhat easier than other courses
About right,About right,Moderate,"In-class: lecture,In-class: application exercises,In-lab,Doing assignments individually,Doing assignments as a team or with other students,AI feedback tool","In-class: lecture,In-class: application exercises,In-lab,Doing assignments individually,Doing assignments as a team or with other students,AI feedback tool","No change\, keep it as is",Somewhat easier than other courses
About right,A little too slow,Moderate,"In-lab,Prepare materials: videos,Prepare materials: readings,Doing assignments individually","In-lab,Prepare materials: videos,Doing assignments as a team or with other students,Online forum: Ed Discussion","No change\, keep it as is",Same easiness/difficulty level as other courses
About right,About right,High,"In-class: lecture,In-lab,Doing assignments individually,Doing assignments as a team or with other students,Other","In-class: lecture,In-lab,Doing assignments as a team or with other students",More lecture,Same easiness/difficulty level as other courses
About right,About right,Moderate,"In-class: lecture,In-class: application exercises,In-lab,Prepare materials: videos,Doing assignments individually","In-class: lecture,Prepare materials: videos,Doing assignments individually,Online forum: Ed Discussion","No change\, keep it as is",Same easiness/difficulty level as other courses
About right,A little too slow,High,"In-class: lecture,In-class: application exercises,In-lab,Prepare materials: videos,Doing assignments individually,AI feedback tool","In-class: lecture,In-class: application exercises,Doing assignments individually","No change\, keep it as is",Same easiness/difficulty level as other courses
About right,About right,Low,"In-class: lecture,Prepare materials: videos,Doing assignments as a team or with other students","In-class: lecture,Doing assignments as a team or with other students","More live coding on application exercises (instructor coding\, students following along in real-time),More your turn breaks on application exercises (students working on exercises\, TAs walking around and helping)",Same easiness/difficulty level as other courses
About right,About right,Moderate,"In-class: lecture,In-class: application exercises,In-lab,Prepare materials: videos,Prepare materials: readings,Doing assignments individually,Doing assignments as a team or with other students,Office hours,Online forum: Ed Discussion,AI feedback tool,Other","In-class: lecture,Doing assignments as a team or with other students,Other","More lecture,More live coding on application exercises (instructor coding\, students following along in real-time)",Same easiness/difficulty level as other courses
About right,A little too slow,High,"In-class: lecture,In-class: application exercises,In-lab,Prepare materials: videos,Prepare materials: readings,Doing assignments individually,Online forum: Ed Discussion,AI feedback tool","In-class: application exercises,In-lab,Doing assignments individually","No change\, keep it as is",Same easiness/difficulty level as other courses
About right,About right,Moderate,"In-class: lecture,In-class: application exercises,In-lab,Doing assignments as a team or with other students,Office hours,Online forum: Ed Discussion","In-class: lecture,Doing assignments as a team or with other students,Office hours","No change\, keep it as is",Same easiness/difficulty level as other courses
About right,A little too fast,Moderate,"In-class: lecture,In-class: application exercises,In-lab,Prepare materials: videos,Doing assignments individually,Doing assignments as a team or with other students,Office hours","In-class: application exercises,Doing assignments individually","More live coding on application exercises (instructor coding\, students following along in real-time)",Same easiness/difficulty level as other courses
About right,About right,High,"In-class: lecture,In-class: application exercises,In-lab,Prepare materials: videos,Prepare materials: readings,Doing assignments individually,Doing assignments as a team or with other students,Office hours,Online forum: Ed Discussion,AI feedback tool","In-class: lecture,In-lab,Doing assignments individually,Office hours,Online forum: Ed Discussion","More your turn breaks on application exercises (students working on exercises\, TAs walking around and helping)",Same easiness/difficulty level as other courses
About right,A little too fast,Moderate,"In-class: lecture,In-class: application exercises,In-lab,AI feedback tool","In-class: lecture,Doing assignments individually","No change\, keep it as is",Same easiness/difficulty level as other courses
About right,A little too slow,Moderate,"Prepare materials: videos,Prepare materials: readings","In-lab,Prepare materials: videos,Prepare materials: readings","More live coding on application exercises (instructor coding\, students following along in real-time)",Same easiness/difficulty level as other courses
About right,About right,High,"In-class: lecture,In-class: application exercises,In-lab,Prepare materials: videos,Prepare materials: readings,Doing assignments individually,Doing assignments as a team or with other students","In-class: lecture,In-class: application exercises,Doing assignments individually","More live coding on application exercises (instructor coding\, students following along in real-time)",Same easiness/difficulty level as other courses
About right,About right,High,"In-class: lecture,In-class: application exercises,In-lab,Prepare materials: videos,Doing assignments individually,Doing assignments as a team or with other students,Office hours,Online forum: Ed Discussion,AI feedback tool","In-class: lecture,In-class: application exercises,In-lab,Doing assignments individually,Doing assignments as a team or with other students,Online forum: Ed Discussion,AI feedback tool","No change\, keep it as is",Same easiness/difficulty level as other courses
About right,About right,Very high,"In-class: lecture,In-class: application exercises,In-lab,Doing assignments individually,Online forum: Ed Discussion,Other","In-class: lecture,In-class: application exercises,In-lab,Doing assignments individually,Online forum: Ed Discussion","No change\, keep it as is",Same easiness/difficulty level as other courses
About right,About right,High,"In-class: lecture,In-class: application exercises,In-lab,Doing assignments individually,Doing assignments as a team or with other students","In-class: application exercises,In-lab,Doing assignments individually,Doing assignments as a team or with other students","More live coding on application exercises (instructor coding\, students following along in real-time),More your turn breaks on application exercises (students working on exercises\, TAs walking around and helping)",Somewhat easier than other courses
About right,About right,Moderate,"In-class: lecture,In-class: application exercises,In-lab,Doing assignments individually,Doing assignments as a team or with other students,AI feedback tool","In-class: lecture,In-class: application exercises,AI feedback tool","More lecture,More live coding on application exercises (instructor coding\, students following along in real-time)",Same easiness/difficulty level as other courses
About right,About right,Moderate,"In-class: lecture,In-class: application exercises,In-lab,Doing assignments individually,Doing assignments as a team or with other students,Office hours,AI feedback tool","In-class: lecture,In-class: application exercises,In-lab,Doing assignments individually,Doing assignments as a team or with other students,Office hours,AI feedback tool","No change\, keep it as is",Same easiness/difficulty level as other courses
About right,A little too fast,Moderate,"In-class: lecture,In-class: application exercises,In-lab,Prepare materials: videos,Prepare materials: readings,Doing assignments individually,Doing assignments as a team or with other students,Office hours,Online forum: Ed Discussion","In-class: lecture,In-class: application exercises,In-lab,Prepare materials: videos,Prepare materials: readings,Doing assignments individually,Doing assignments as a team or with other students,Office hours,Online forum: Ed Discussion","More lecture,More live coding on application exercises (instructor coding\, students following along in real-time)",Same easiness/difficulty level as other courses
About right,About right,Very high,"In-class: lecture,In-class: application exercises,In-lab,Doing assignments individually,Doing assignments as a team or with other students,Online forum: Ed Discussion","In-class: lecture,In-lab,Doing assignments individually,Doing assignments as a team or with other students","No change\, keep it as is",Somewhat more difficult than other courses
About right,About right,Moderate,"In-class: lecture,In-class: application exercises,In-lab,Prepare materials: videos,Doing assignments individually,Online forum: Ed Discussion","In-class: application exercises,Prepare materials: videos","More live coding on application exercises (instructor coding\, students following along in real-time)",Somewhat easier than other courses
Much too fast,Much too fast,High,"In-class: lecture,Doing assignments individually,AI feedback tool","In-class: lecture,AI feedback tool","No change\, keep it as is",Much more difficult than other courses
About right,About right,Moderate,"In-class: lecture,In-class: application exercises,In-lab,Doing assignments individually,Online forum: Ed Discussion","In-class: lecture,In-class: application exercises,In-lab,Doing assignments individually,Online forum: Ed Discussion","No change\, keep it as is",Somewhat easier than other courses
About right,About right,High,"In-class: lecture,In-class: application exercises,In-lab,Doing assignments individually,Doing assignments as a team or with other students,Office hours,Online forum: Ed Discussion,AI feedback tool","In-class: application exercises,Doing assignments individually,Doing assignments as a team or with other students","More your turn breaks on application exercises (students working on exercises\, TAs walking around and helping)",Somewhat easier than other courses
About right,About right,Moderate,"In-class: lecture,In-class: application exercises,In-lab,Prepare materials: videos,Doing assignments individually,Doing assignments as a team or with other students","In-class: lecture,In-class: application exercises,In-lab,Doing assignments individually","No change\, keep it as is",Same easiness/difficulty level as other courses
About right,About right,Moderate,"In-class: lecture,In-class: application exercises,In-lab,Prepare materials: videos,Doing assignments as a team or with other students,Online forum: Ed Discussion,AI feedback tool","In-class: lecture,In-class: application exercises,In-lab,Prepare materials: videos,Doing assignments as a team or with other students,Online forum: Ed Discussion","No change\, keep it as is",Same easiness/difficulty level as other courses
A little too slow,A little too slow,Moderate,"In-class: lecture,In-lab,Prepare materials: videos,Doing assignments individually,Online forum: Ed Discussion",Doing assignments individually,"More your turn breaks on application exercises (students working on exercises\, TAs walking around and helping)",Much easier than other courses
About right,About right,Moderate,"In-class: lecture,In-class: application exercises,In-lab,Prepare materials: videos,Doing assignments individually,Online forum: Ed Discussion,AI feedback tool","In-class: lecture,In-class: application exercises,Doing assignments individually,Online forum: Ed Discussion","No change\, keep it as is",Same easiness/difficulty level as other courses
About right,About right,High,"In-class: lecture,In-class: application exercises,In-lab,Prepare materials: readings,Doing assignments individually,Doing assignments as a team or with other students,Online forum: Ed Discussion,AI feedback tool","In-class: lecture,Doing assignments individually,Doing assignments as a team or with other students,Online forum: Ed Discussion","No change\, keep it as is",Somewhat easier than other courses
About right,About right,Low,"In-class: lecture,In-class: application exercises,In-lab,Doing assignments individually,Doing assignments as a team or with other students,Online forum: Ed Discussion,Other","In-lab,Doing assignments individually,Other","More live coding on application exercises (instructor coding\, students following along in real-time)",Somewhat easier than other courses
About right,About right,High,"In-class: lecture,In-class: application exercises,In-lab,Doing assignments individually,Other","In-class: lecture,In-class: application exercises,Doing assignments individually,Other","No change\, keep it as is",Somewhat easier than other courses
About right,About right,High,"In-class: lecture,In-class: application exercises,In-lab,Prepare materials: videos,Prepare materials: readings,Doing assignments individually,Online forum: Ed Discussion,AI feedback tool","In-class: lecture,In-lab,Prepare materials: readings,Doing assignments individually,Online forum: Ed Discussion","More lecture,More live coding on application exercises (instructor coding\, students following along in real-time)",Somewhat easier than other courses
About right,A little too slow,Moderate,"In-class: lecture,In-class: application exercises,In-lab,Doing assignments individually,Doing assignments as a team or with other students","In-class: lecture,In-class: application exercises","No change\, keep it as is",Same easiness/difficulty level as other courses
About right,About right,Moderate,"In-class: lecture,In-class: application exercises,In-lab,Prepare materials: videos,Prepare materials: readings,Doing assignments individually,Office hours","Prepare materials: videos,Prepare materials: readings","No change\, keep it as is",Much more difficult than other courses
About right,About right,Moderate,"In-class: lecture,In-class: application exercises,In-lab,Prepare materials: videos,Doing assignments individually,Doing assignments as a team or with other students","In-lab,Prepare materials: videos","No change\, keep it as is",Somewhat more difficult than other courses
About right,About right,Moderate,"In-class: lecture,In-class: application exercises,In-lab,Doing assignments individually,AI feedback tool",Doing assignments individually,"No change\, keep it as is",Same easiness/difficulty level as other courses
About right,A little too slow,Moderate,"In-class: lecture,In-class: application exercises,Prepare materials: readings,Doing assignments individually",Prepare materials: readings,"More live coding on application exercises (instructor coding\, students following along in real-time)",Somewhat easier than other courses
About right,About right,Moderate,"In-class: lecture,In-class: application exercises,In-lab,Doing assignments individually,AI feedback tool,Other","In-class: lecture,In-class: application exercises,In-lab,Doing assignments as a team or with other students","More live coding on application exercises (instructor coding\, students following along in real-time),More your turn breaks on application exercises (students working on exercises\, TAs walking around and helping)",Somewhat easier than other courses
About right,About right,High,"In-class: lecture,In-class: application exercises,In-lab,Prepare materials: videos,Doing assignments individually,Online forum: Ed Discussion,AI feedback tool",In-class: lecture,"No change\, keep it as is",Same easiness/difficulty level as other courses
Much too fast,A little too fast,Very high,"In-class: lecture,In-class: application exercises,In-lab,Prepare materials: videos,Doing assignments individually,Office hours,Online forum: Ed Discussion,AI feedback tool","In-lab,Office hours","More live coding on application exercises (instructor coding\, students following along in real-time)",Much more difficult than other courses
A little too fast,About right,High,"In-class: lecture,In-lab,Prepare materials: videos,Prepare materials: readings,Doing assignments individually,Online forum: Ed Discussion,AI feedback tool,Other","In-class: lecture,In-lab,Doing assignments individually,Online forum: Ed Discussion,AI feedback tool","No change\, keep it as is",Same easiness/difficulty level as other courses
A little too fast,A little too fast,Moderate,"In-class: lecture,In-lab,Doing assignments individually,Doing assignments as a team or with other students,Online forum: Ed Discussion,AI feedback tool","In-lab,Doing assignments as a team or with other students","More lecture,More live coding on application exercises (instructor coding\, students following along in real-time)",Much more difficult than other courses
About right,About right,High,"In-class: lecture,In-class: application exercises,In-lab,Doing assignments individually,Doing assignments as a team or with other students,AI feedback tool","In-class: lecture,In-class: application exercises,In-lab,Doing assignments individually","More live coding on application exercises (instructor coding\, students following along in real-time)",Somewhat more difficult than other courses
About right,About right,Moderate,"In-class: lecture,In-class: application exercises,In-lab,Doing assignments individually,Online forum: Ed Discussion,AI feedback tool","In-class: lecture,In-class: application exercises,In-lab,Doing assignments individually,Online forum: Ed Discussion,AI feedback tool","More lecture,More live coding on application exercises (instructor coding\, students following along in real-time)",Somewhat easier than other courses
About right,About right,Low,"In-class: lecture,In-lab,Prepare materials: videos,Prepare materials: readings,Doing assignments as a team or with other students,Online forum: Ed Discussion","In-lab,Prepare materials: videos,Prepare materials: readings","More lecture,More live coding on application exercises (instructor coding\, students following along in real-time)",Same easiness/difficulty level as other courses
About right,About right,High,"In-class: lecture,In-class: application exercises,In-lab,Doing assignments individually,Office hours,Online forum: Ed Discussion,AI feedback tool","In-class: lecture,In-class: application exercises,In-lab,Doing assignments individually,Office hours,Online forum: Ed Discussion",More lecture,Somewhat more difficult than other courses
About right,About right,Moderate,"In-class: lecture,In-lab,Doing assignments individually,Office hours,Online forum: Ed Discussion,AI feedback tool","In-class: lecture,Doing assignments individually,Doing assignments as a team or with other students,Online forum: Ed Discussion","More lecture,More live coding on application exercises (instructor coding\, students following along in real-time)",Somewhat more difficult than other courses
About right,About right,Moderate,"In-class: lecture,In-class: application exercises,In-lab,Doing assignments individually","In-class: application exercises,Doing assignments individually","More live coding on application exercises (instructor coding\, students following along in real-time),More your turn breaks on application exercises (students working on exercises\, TAs walking around and helping)",Same easiness/difficulty level as other courses
About right,A little too fast,High,"In-class: lecture,In-lab,Prepare materials: videos,Doing assignments individually,Office hours",Doing assignments individually,"More live coding on application exercises (instructor coding\, students following along in real-time)",Somewhat more difficult than other courses
About right,About right,High,"In-class: lecture,In-class: application exercises,In-lab,Doing assignments individually,Doing assignments as a team or with other students,Online forum: Ed Discussion,AI feedback tool","In-class: lecture,In-class: application exercises,In-lab,Doing assignments as a team or with other students","More live coding on application exercises (instructor coding\, students following along in real-time)",Somewhat more difficult than other courses
About right,About right,Moderate,"In-class: lecture,In-class: application exercises,In-lab,Prepare materials: videos,Doing assignments individually","In-class: application exercises,In-lab,Prepare materials: videos","More live coding on application exercises (instructor coding\, students following along in real-time),No change\, keep it as is",Somewhat easier than other courses
About right,About right,Moderate,"In-class: lecture,In-class: application exercises,In-lab,Doing assignments individually,Online forum: Ed Discussion","In-class: lecture,In-class: application exercises,In-lab,Online forum: Ed Discussion","More live coding on application exercises (instructor coding\, students following along in real-time)",Same easiness/difficulty level as other courses
About right,About right,High,"In-class: lecture,In-class: application exercises,In-lab,Prepare materials: readings,Doing assignments individually,Doing assignments as a team or with other students,Online forum: Ed Discussion,AI feedback tool","In-class: lecture,In-class: application exercises,In-lab,Doing assignments individually,Doing assignments as a team or with other students","No change\, keep it as is",Somewhat more difficult than other courses
About right,About right,High,"In-class: lecture,In-class: application exercises,In-lab,Prepare materials: videos,Doing assignments individually,Doing assignments as a team or with other students,Online forum: Ed Discussion,AI feedback tool","In-class: lecture,In-class: application exercises,Doing assignments individually,Online forum: Ed Discussion","No change\, keep it as is",Same easiness/difficulty level as other courses
A little too fast,A little too fast,Very high,"In-class: lecture,In-class: application exercises,In-lab,Prepare materials: videos,Doing assignments individually,Online forum: Ed Discussion,AI feedback tool","In-class: application exercises,Prepare materials: videos,Doing assignments individually","More lecture,More live coding on application exercises (instructor coding\, students following along in real-time)",Somewhat easier than other courses
A little too fast,A little too fast,Very high,"In-class: lecture,In-lab,Prepare materials: videos,Doing assignments individually","Prepare materials: videos,Doing assignments individually","No change\, keep it as is",Much more difficult than other courses
About right,About right,High,"In-class: lecture,In-class: application exercises,In-lab,Prepare materials: videos,Prepare materials: readings,Doing assignments individually,Doing assignments as a team or with other students,Online forum: Ed Discussion,AI feedback tool","In-class: lecture,In-class: application exercises,In-lab,Doing assignments individually,Doing assignments as a team or with other students","More your turn breaks on application exercises (students working on exercises\, TAs walking around and helping)",Somewhat easier than other courses
About right,About right,High,"In-class: lecture,In-class: application exercises,In-lab,Doing assignments individually,Online forum: Ed Discussion,AI feedback tool","In-class: application exercises,Doing assignments individually,AI feedback tool","More live coding on application exercises (instructor coding\, students following along in real-time)",Same easiness/difficulty level as other courses
About right,About right,Moderate,"In-class: lecture,In-class: application exercises,In-lab,Prepare materials: videos,Prepare materials: readings,Doing assignments individually,Doing assignments as a team or with other students",Doing assignments individually,"No change\, keep it as is",Same easiness/difficulty level as other courses
About right,About right,Moderate,"In-class: lecture,In-class: application exercises,In-lab,Doing assignments individually,Doing assignments as a team or with other students","In-class: lecture,In-lab,Doing assignments individually,Doing assignments as a team or with other students",More lecture,Somewhat easier than other courses
A little too slow,A little too slow,Low,"In-class: lecture,In-class: application exercises,In-lab,Doing assignments individually","In-class: application exercises,Doing assignments individually","More your turn breaks on application exercises (students working on exercises\, TAs walking around and helping)",Much easier than other courses
About right,A little too fast,High,"In-class: lecture,In-class: application exercises,In-lab,Prepare materials: readings,Doing assignments individually,Office hours,Online forum: Ed Discussion,AI feedback tool","In-class: lecture,In-lab,Doing assignments individually","More lecture,More live coding on application exercises (instructor coding\, students following along in real-time)",Much more difficult than other courses
About right,About right,High,"In-class: lecture,In-class: application exercises,In-lab,Doing assignments individually,Doing assignments as a team or with other students,Office hours,AI feedback tool","In-class: lecture,In-lab,Doing assignments individually,Office hours","More lecture,More live coding on application exercises (instructor coding\, students following along in real-time)",Somewhat more difficult than other courses
About right,A little too slow,Low,"In-class: lecture,In-lab,Doing assignments individually,Doing assignments as a team or with other students,Office hours,AI feedback tool,Other","In-class: lecture,In-lab,Doing assignments as a team or with other students,Office hours,AI feedback tool","More live coding on application exercises (instructor coding\, students following along in real-time),No change\, keep it as is",Same easiness/difficulty level as other courses
About right,A little too fast,Moderate,"In-class: lecture,In-lab,Prepare materials: readings,Doing assignments individually,Doing assignments as a team or with other students,Online forum: Ed Discussion,AI feedback tool","In-class: lecture,Prepare materials: readings,Doing assignments individually","More live coding on application exercises (instructor coding\, students following along in real-time)",Much more difficult than other courses
About right,About right,Moderate,"In-class: lecture,In-lab,Doing assignments individually,Doing assignments as a team or with other students,Online forum: Ed Discussion","In-class: lecture,Doing assignments individually,Doing assignments as a team or with other students,Online forum: Ed Discussion","More live coding on application exercises (instructor coding\, students following along in real-time)",Same easiness/difficulty level as other courses
About right,About right,Moderate,"In-class: lecture,In-class: application exercises,In-lab,Prepare materials: videos,Prepare materials: readings,Doing assignments individually,Office hours,AI feedback tool","In-class: lecture,In-class: application exercises,In-lab,Doing assignments individually,AI feedback tool","More live coding on application exercises (instructor coding\, students following along in real-time),More your turn breaks on application exercises (students working on exercises\, TAs walking around and helping)",Somewhat easier than other courses
About right,A little too fast,High,"In-class: lecture,In-class: application exercises,In-lab,Prepare materials: videos,Prepare materials: readings,AI feedback tool","Prepare materials: videos,Prepare materials: readings,Doing assignments individually,Online forum: Ed Discussion","More live coding on application exercises (instructor coding\, students following along in real-time)",Somewhat more difficult than other courses
About right,About right,High,"In-class: lecture,In-class: application exercises,In-lab,Prepare materials: videos,Doing assignments individually,Online forum: Ed Discussion","In-class: lecture,In-class: application exercises,In-lab","More your turn breaks on application exercises (students working on exercises\, TAs walking around and helping)",Same easiness/difficulty level as other courses
About right,About right,High,"In-class: lecture,In-class: application exercises,In-lab,Prepare materials: readings,Doing assignments individually,AI feedback tool","In-class: lecture,In-lab,Prepare materials: readings,Doing assignments individually,AI feedback tool","No change\, keep it as is",Same easiness/difficulty level as other courses
About right,About right,Moderate,"In-class: lecture,In-class: application exercises,In-lab,Prepare materials: videos,Prepare materials: readings,Doing assignments individually,Doing assignments as a team or with other students,Office hours,Online forum: Ed Discussion","In-class: application exercises,Prepare materials: videos,Office hours,Online forum: Ed Discussion","More live coding on application exercises (instructor coding\, students following along in real-time)",Somewhat more difficult than other courses
About right,About right,Very high,"In-class: lecture,In-class: application exercises,In-lab,Prepare materials: videos,Prepare materials: readings,Doing assignments individually,Office hours,Online forum: Ed Discussion,AI feedback tool","In-class: lecture,In-lab,Doing assignments individually,Office hours","More live coding on application exercises (instructor coding\, students following along in real-time)",Somewhat more difficult than other courses
About right,About right,Moderate,"In-class: lecture,In-class: application exercises,In-lab,Doing assignments individually,Online forum: Ed Discussion","In-lab,Online forum: Ed Discussion","No change\, keep it as is",Somewhat more difficult than other courses
About right,A little too fast,Moderate,"In-class: lecture,In-class: application exercises,In-lab,Prepare materials: readings,Online forum: Ed Discussion,AI feedback tool",AI feedback tool,"More live coding on application exercises (instructor coding\, students following along in real-time)",Much more difficult than other courses
About right,About right,Very high,"In-class: lecture,In-class: application exercises,In-lab,Prepare materials: videos,Doing assignments individually,AI feedback tool","In-class: application exercises,Doing assignments individually,AI feedback tool","More live coding on application exercises (instructor coding\, students following along in real-time),More your turn breaks on application exercises (students working on exercises\, TAs walking around and helping)",Somewhat easier than other courses
About right,About right,High,"In-class: lecture,In-class: application exercises,In-lab,Doing assignments individually,Online forum: Ed Discussion,AI feedback tool","Doing assignments individually,Online forum: Ed Discussion,AI feedback tool","No change\, keep it as is",Somewhat more difficult than other courses
A little too fast,About right,Moderate,"In-class: lecture,In-class: application exercises,In-lab,Prepare materials: videos,Doing assignments individually,Online forum: Ed Discussion,AI feedback tool","In-class: lecture,In-lab,Doing assignments individually,Online forum: Ed Discussion","No change\, keep it as is",Same easiness/difficulty level as other courses
About right,A little too slow,Moderate,"In-class: lecture,In-class: application exercises,In-lab,Prepare materials: videos,Prepare materials: readings,Doing assignments individually,Online forum: Ed Discussion,AI feedback tool","In-class: application exercises,In-lab,Doing assignments individually","No change\, keep it as is",Somewhat easier than other courses
A little too fast,A little too fast,High,"In-class: lecture,In-lab,Office hours,Online forum: Ed Discussion,AI feedback tool","In-lab,Doing assignments individually,Office hours,Online forum: Ed Discussion,AI feedback tool","No change\, keep it as is",Same easiness/difficulty level as other courses
A little too fast,About right,Moderate,"In-class: lecture,Online forum: Ed Discussion","In-class: lecture,In-class: application exercises","No change\, keep it as is",Somewhat more difficult than other courses
About right,About right,Moderate,"In-class: lecture,In-lab,Prepare materials: videos,Doing assignments individually,Doing assignments as a team or with other students,Online forum: Ed Discussion,AI feedback tool","In-class: lecture,Prepare materials: videos,Doing assignments as a team or with other students,AI feedback tool","No change\, keep it as is",Somewhat more difficult than other courses
About right,About right,Moderate,"In-class: lecture,In-class: application exercises,In-lab,Prepare materials: videos,Prepare materials: readings,Doing assignments individually,Doing assignments as a team or with other students,Office hours,Online forum: Ed Discussion,AI feedback tool","In-lab,Doing assignments individually,Doing assignments as a team or with other students","More live coding on application exercises (instructor coding\, students following along in real-time)",Same easiness/difficulty level as other courses
About right,About right,High,"In-class: lecture,In-class: application exercises,In-lab,Prepare materials: videos,Prepare materials: readings,Doing assignments individually,Doing assignments as a team or with other students,Office hours,AI feedback tool","In-class: lecture,In-class: application exercises,Doing assignments individually,Doing assignments as a team or with other students,Office hours",More lecture,Somewhat more difficult than other courses
About right,About right,Moderate,"In-class: lecture,In-class: application exercises,Doing assignments as a team or with other students",In-class: application exercises,"No change\, keep it as is",Somewhat easier than other courses
About right,About right,Moderate,"In-class: lecture,In-class: application exercises,In-lab,Prepare materials: videos,Prepare materials: readings,Doing assignments individually","In-class: lecture,In-class: application exercises,In-lab","No change\, keep it as is",Somewhat easier than other courses
About right,A little too fast,Moderate,"In-class: lecture,In-class: application exercises,In-lab,Prepare materials: videos,Doing assignments individually","Prepare materials: videos,Doing assignments individually","More live coding on application exercises (instructor coding\, students following along in real-time)",Somewhat easier than other courses
About right,About right,Very high,"In-class: lecture,In-class: application exercises,In-lab,Doing assignments individually,Doing assignments as a team or with other students","In-class: lecture,In-class: application exercises,In-lab,Doing assignments individually,Doing assignments as a team or with other students","No change\, keep it as is",Somewhat easier than other courses
About right,About right,Moderate,"In-class: lecture,In-lab,Doing assignments individually,Doing assignments as a team or with other students,Online forum: Ed Discussion","Doing assignments individually,Doing assignments as a team or with other students,Online forum: Ed Discussion","No change\, keep it as is",Somewhat more difficult than other courses
About right,About right,High,"In-class: lecture,In-class: application exercises,In-lab,Doing assignments individually,Online forum: Ed Discussion,AI feedback tool","In-class: application exercises,Doing assignments individually","More live coding on application exercises (instructor coding\, students following along in real-time)",Somewhat more difficult than other courses
About right,About right,Moderate,"In-class: lecture,In-class: application exercises,In-lab,Prepare materials: readings,Doing assignments individually,Doing assignments as a team or with other students,Online forum: Ed Discussion,AI feedback tool","In-class: lecture,In-class: application exercises,In-lab,Prepare materials: readings,Doing assignments as a team or with other students,AI feedback tool","No change\, keep it as is",Same easiness/difficulty level as other courses
About right,About right,Moderate,"In-lab,Online forum: Ed Discussion,AI feedback tool","In-lab,Doing assignments individually,Doing assignments as a team or with other students,AI feedback tool","More live coding on application exercises (instructor coding\, students following along in real-time),More your turn breaks on application exercises (students working on exercises\, TAs walking around and helping)",Somewhat easier than other courses
About right,About right,High,"In-class: lecture,In-class: application exercises,In-lab,Prepare materials: videos,Prepare materials: readings,Doing assignments individually,Online forum: Ed Discussion","In-class: lecture,In-lab,Prepare materials: videos,Doing assignments individually","No change\, keep it as is",Somewhat more difficult than other courses
About right,About right,Moderate,"In-class: lecture,In-class: application exercises,In-lab,Doing assignments individually,Doing assignments as a team or with other students,Office hours,Online forum: Ed Discussion,AI feedback tool","In-class: lecture,In-lab,Doing assignments individually",More lecture,Same easiness/difficulty level as other courses
About right,About right,Moderate,"In-class: lecture,In-class: application exercises,In-lab,Doing assignments individually,Office hours,Online forum: Ed Discussion,AI feedback tool","In-class: lecture,In-class: application exercises","No change\, keep it as is",Somewhat easier than other courses
About right,About right,High,"In-class: lecture,In-class: application exercises,In-lab,Prepare materials: readings,Doing assignments individually,Doing assignments as a team or with other students,Online forum: Ed Discussion,AI feedback tool","In-class: lecture,In-lab,Doing assignments individually","More live coding on application exercises (instructor coding\, students following along in real-time),More your turn breaks on application exercises (students working on exercises\, TAs walking around and helping)",Same easiness/difficulty level as other courses
About right,About right,High,"In-class: lecture,In-class: application exercises,In-lab,Prepare materials: videos,Prepare materials: readings,Doing assignments individually,Online forum: Ed Discussion,AI feedback tool","In-class: lecture,In-class: application exercises,Online forum: Ed Discussion","More live coding on application exercises (instructor coding\, students following along in real-time)",Somewhat more difficult than other courses
About right,A little too slow,Low,"In-class: lecture,In-lab,Doing assignments individually,Doing assignments as a team or with other students,Online forum: Ed Discussion","In-lab,Doing assignments individually","No change\, keep it as is",Same easiness/difficulty level as other courses